artifact_id,kind,grain,key,fstem_id,track_ids,attempt,status,render_scope,model,prompt_hash,output_path,output_hash,review_status,reviewer,review_minutes,reviewed_at,source_attachment
overlay_block:FSTEM-CS-R4-012-M?-PROG-m7:1,overlay_block,module,FSTEM-CS-R4-012-M?-PROG-m7,FSTEM-CS-R4-012,m7,1,todo,m7,,,,,,,,,ATT-FSTEM-CS-R4-012
overlay_block:FSTEM-ENG-R4-033-M?-PROG-m7:1,overlay_block,module,FSTEM-ENG-R4-033-M?-PROG-m7,FSTEM-ENG-R4-033,m7,1,todo,m7,,,,,,,,,ATT-FSTEM-ENG-R4-033
overlay_block:FSTEM-AI-SPINE-001-M8-PROG-m7:1,overlay_block,module,FSTEM-AI-SPINE-001-M8-PROG-m7,FSTEM-AI-SPINE-001,m7,1,todo,m7,,,,,,,,,ATT-FSTEM-AI-SPINE-001-M8
overlay_block:FSTEM-POL-R4-002-M?-PROG-m7:1,overlay_block,module,FSTEM-POL-R4-002-M?-PROG-m7,FSTEM-POL-R4-002,m7,1,todo,m7,,,,,,,,,ATT-FSTEM-POL-R4-002
overlay_block:FSTEM-HIST-R4-003-M?-PROG-m7:1,overlay_block,module,FSTEM-HIST-R4-003-M?-PROG-m7,FSTEM-HIST-R4-003,m7,1,todo,m7,,,,,,,,,ATT-FSTEM-HIST-R4-003
overlay_block:FSTEM-ENG-R4-035-M?-PROG-m7:1,overlay_block,module,FSTEM-ENG-R4-035-M?-PROG-m7,FSTEM-ENG-R4-035,m7,1,todo,m7,,,,,,,,,ATT-FSTEM-ENG-R4-035
overlay_block:FSTEM-ENG-R4-037-M?-PROG-m7:1,overlay_block,module,FSTEM-ENG-R4-037-M?-PROG-m7,FSTEM-ENG-R4-037,m7,1,todo,m7,,,,,,,,,ATT-FSTEM-ENG-R4-037
overlay_block:FSTEM-ENG-R4-036-M?-PROG-m7:1,overlay_block,module,FSTEM-ENG-R4-036-M?-PROG-m7,FSTEM-ENG-R4-036,m7,1,todo,m7,,,,,,,,,ATT-FSTEM-ENG-R4-036
overlay_block:FSTEM-ECON-R4-008-M?-PROG-m7:1,overlay_block,module,FSTEM-ECON-R4-008-M?-PROG-m7,FSTEM-ECON-R4-008,m7,1,todo,m7,,,,,,,,,ATT-FSTEM-ECON-R4-008
overlay_block:FSTEM-STS-R4-021-M?-PROG-m7:1,overlay_block,module,FSTEM-STS-R4-021-M?-PROG-m7,FSTEM-STS-R4-021,m7,1,todo,m7,,,,,,,,,ATT-FSTEM-STS-R4-021
overlay_block:FSTEM-ECON-R4-019-M?-PROG-m7:1,overlay_block,module,FSTEM-ECON-R4-019-M?-PROG-m7,FSTEM-ECON-R4-019,m7,1,todo,m7,,,,,,,,,ATT-FSTEM-ECON-R4-019
overlay_block:FSTEM-STS-R4-019-M?-PROG-m7:1,overlay_block,module,FSTEM-STS-R4-019-M?-PROG-m7,FSTEM-STS-R4-019,m7,1,todo,m7,,,,,,,,,ATT-FSTEM-STS-R4-019
overlay_block:FSTEM-STS-R4-017-M?-PROG-m7:1,overlay_block,module,FSTEM-STS-R4-017-M?-PROG-m7,FSTEM-STS-R4-017,m7,1,todo,m7,,,,,,,,,ATT-FSTEM-STS-R4-017
