origin_code,o2,rule,module_scope,keywords
6.858,3,one finding per module where base findings number three or fewer,each,cyber;intrusion;Volt Typhoon;breach;implant;pre-positioning
16.863J,3,one finding per module where base findings number three or fewer,each,criticality;chokepoint;dependency;failure;tipping point
FSTEM.AI.SPINE,3,one finding per module where base findings number three or fewer,M8,stack;layer;TOGAF;Digital Twin;enterprise architecture
17.408,3,one finding per module where base findings number three or fewer,each,Taiwan;Hong Kong;Belt and Road;United Front;diplomatic
ESD.68J,3,one finding per module where base findings number three or fewer,each,standards;telecommunications;protocol;platform;information
16.891J,2,one finding per course at the module the steward names,steward,space;satellite;Military-Civil Fusion;dual-use
16.89J,2,one finding per course at the module the steward names,steward,satellite;space;dual-use;supply chain
16.892J,2,one finding per course at the module the steward names,steward,architecture;satellite;space;TOGAF
14.271,2,one finding per course at the module the steward names,steward,market access;firm;rare earth;monopoly;transfer
STS.471J,2,one finding per course at the module the steward names,steward,Willow Run;production;arsenal;coherence;program
14.770,2,one finding per course at the module the steward names,steward,coherence;institution;governance;personnel;centralism
STS.462,2,one finding per course at the module the steward names,steward,surveillance;data;platform;censor;technology
STS.436,2,one finding per course at the module the steward names,steward,Bush;scientists;research;university;defense research
15.060,1,none by default,none,
17.100J,1,none by default,none,
STS.340J,1,none by default,none,
RES.10-002,1,none by default,none,
STS.460,1,none by default,none,
21H.952J,1,none by default,none,
15.317,0,none,none,
